{"_runtime":241,"epoch/epoch":100,"train/learning_rate":0.0001,"_step":182,"_wandb":{"runtime":241},"train/epoch":100,"train/loss":0.16604691743850708,"samples/spectral_radius_max":1.647341251373291,"_timestamp":1.764941406892503e+09,"samples/spectral_radius_avg":1.5326084196567535,"samples/spectral_radius_min":1.4476165771484375,"samples/mean":-0.006220199633389711,"epoch/loss":0.16213797298925264,"train/global_step":6300,"samples/std":0.20599035918712616}